id,created_at,seller_id,name,description,price,is_active,slug,normal_price,badge_label,highlights,service_category_id,service_sub_category_id,service_duration,images
102000000151,2026-03-10 13:00:00+00,30123650001,AC Repair Inspection,Professional service to keep everything running smoothly.,99.00,true,ac-repair-inspection-151,149.00,,"[""Top Rated"",""Guarantee""]",1,1,30 mins,"[""https://picsum.photos/400""]"
102000000152,2026-03-10 13:00:00+00,110010100001,AC Minor Fix,Professional service to keep everything running smoothly.,199.00,true,ac-minor-fix-152,299.00,Value,"[""Top Rated"",""Guarantee""]",1,1,1 Hour,"[""https://picsum.photos/400""]"
102000000153,2026-03-10 13:00:00+00,30123650001,AC Major Repair,Professional service to keep everything running smoothly.,599.00,true,ac-major-repair-153,799.00,,"[""Top Rated"",""Guarantee""]",1,1,2 Hour,"[""https://picsum.photos/400""]"
102000000154,2026-03-10 13:00:00+00,110010100001,AC Component Replacement,Professional service to keep everything running smoothly.,899.00,true,ac-component-replacement-154,1199.00,,"[""Top Rated"",""Guarantee""]",1,1,3 Hour,"[""https://picsum.photos/400""]"
102000000155,2026-03-10 13:00:00+00,30123650001,AC Complete Installation,Professional service to keep everything running smoothly.,1299.00,true,ac-complete-installation-155,1599.00,Bestseller,"[""Top Rated"",""Guarantee""]",1,1,4 Hour,"[""https://picsum.photos/400""]"
102000000156,2026-03-10 13:00:00+00,110010100001,AC Uninstallation Service,Professional service to keep everything running smoothly.,399.00,true,ac-uninstallation-service-156,599.00,,"[""Top Rated"",""Guarantee""]",1,1,1 Hour,"[""https://picsum.photos/400""]"
102000000157,2026-03-10 13:00:00+00,30123650001,AC Annual Maintenance Contract,Professional service to keep everything running smoothly.,2499.00,true,ac-annual-maintenance-contract-157,2999.00,Premium,"[""Top Rated"",""Guarantee""]",1,1,1 Hour,"[""https://picsum.photos/400""]"
102000000158,2026-03-10 13:00:00+00,110010100001,AC Emergency Night Service,Professional service to keep everything running smoothly.,499.00,true,ac-emergency-night-service-158,699.00,Urgent,"[""Top Rated"",""Guarantee""]",1,1,1 Hour,"[""https://picsum.photos/400""]"
102000000159,2026-03-10 13:00:00+00,30123650001,AC Weekend Special Service,Professional service to keep everything running smoothly.,299.00,true,ac-weekend-special-service-159,399.00,,"[""Top Rated"",""Guarantee""]",1,1,1 Hour,"[""https://picsum.photos/400""]"
102000000160,2026-03-10 13:00:00+00,110010100001,AC Festive Cleaning,Professional service to keep everything running smoothly.,349.00,true,ac-festive-cleaning-160,499.00,Offer,"[""Top Rated"",""Guarantee""]",1,1,90 mins,"[""https://picsum.photos/400""]"
102000000161,2026-03-10 13:00:00+00,30123650001,AC Smart Upgrade,Professional service to keep everything running smoothly.,999.00,true,ac-smart-upgrade-161,1299.00,,"[""Top Rated"",""Guarantee""]",1,1,2 Hour,"[""https://picsum.photos/400""]"
102000000162,2026-03-10 13:00:00+00,110010100001,AC Eco-Friendly Cleaning,Professional service to keep everything running smoothly.,449.00,true,ac-eco-friendly-cleaning-162,599.00,Green,"[""Top Rated"",""Guarantee""]",1,1,1 Hour,"[""https://picsum.photos/400""]"
102000000163,2026-03-10 13:00:00+00,30123650001,AC Deep Sanitization,Professional service to keep everything running smoothly.,399.00,true,ac-deep-sanitization-163,549.00,,"[""Top Rated"",""Guarantee""]",1,1,1 Hour,"[""https://picsum.photos/400""]"
102000000164,2026-03-10 13:00:00+00,110010100001,AC Quick Fix 15 Mins,Professional service to keep everything running smoothly.,149.00,true,ac-quick-fix-15-mins-164,199.00,Fast,"[""Top Rated"",""Guarantee""]",1,1,15 mins,"[""https://picsum.photos/400""]"
102000000165,2026-03-10 13:00:00+00,30123650001,AC Premium Care Package,Professional service to keep everything running smoothly.,799.00,true,ac-premium-care-package-165,999.00,,"[""Top Rated"",""Guarantee""]",1,1,2 Hour,"[""https://picsum.photos/400""]"
102000000166,2026-03-10 13:00:00+00,110010100001,AC Budget Friendly Repair,Professional service to keep everything running smoothly.,249.00,true,ac-budget-friendly-repair-166,349.00,Budget,"[""Top Rated"",""Guarantee""]",1,1,1 Hour,"[""https://picsum.photos/400""]"
102000000167,2026-03-10 13:00:00+00,30123650001,AC Express Diagnostic,Professional service to keep everything running smoothly.,129.00,true,ac-express-diagnostic-167,199.00,,"[""Top Rated"",""Guarantee""]",1,1,30 mins,"[""https://picsum.photos/400""]"
102000000168,2026-03-10 13:00:00+00,110010100001,AC Heavy Duty Repair,Professional service to keep everything running smoothly.,1199.00,true,ac-heavy-duty-repair-168,1499.00,Pro,"[""Top Rated"",""Guarantee""]",1,1,4 Hour,"[""https://picsum.photos/400""]"
102000000169,2026-03-10 13:00:00+00,30123650001,AC Moving Relocation Setup,Professional service to keep everything running smoothly.,899.00,true,ac-moving-relocation-setup-169,1199.00,,"[""Top Rated"",""Guarantee""]",1,1,3 Hour,"[""https://picsum.photos/400""]"
102000000170,2026-03-10 13:00:00+00,110010100001,AC Consultation & Advice,Professional service to keep everything running smoothly.,49.00,true,ac-consultation-advice-170,99.00,Online,"[""Top Rated"",""Guarantee""]",1,1,30 mins,"[""https://picsum.photos/400""]"
102000000171,2026-03-10 13:00:00+00,30123650001,Electrician Inspection,Professional service to keep everything running smoothly.,99.00,true,electrician-inspection-171,149.00,,"[""Top Rated"",""Guarantee""]",1,2,30 mins,"[""https://picsum.photos/400""]"
102000000172,2026-03-10 13:00:00+00,110010100001,Electrician Minor Fix,Professional service to keep everything running smoothly.,199.00,true,electrician-minor-fix-172,299.00,Value,"[""Top Rated"",""Guarantee""]",1,2,1 Hour,"[""https://picsum.photos/400""]"
102000000173,2026-03-10 13:00:00+00,30123650001,Electrician Major Repair,Professional service to keep everything running smoothly.,599.00,true,electrician-major-repair-173,799.00,,"[""Top Rated"",""Guarantee""]",1,2,2 Hour,"[""https://picsum.photos/400""]"
102000000174,2026-03-10 13:00:00+00,110010100001,Electrician Component Replacement,Professional service to keep everything running smoothly.,899.00,true,electrician-component-replacement-174,1199.00,,"[""Top Rated"",""Guarantee""]",1,2,3 Hour,"[""https://picsum.photos/400""]"
102000000175,2026-03-10 13:00:00+00,30123650001,Electrician Complete Installation,Professional service to keep everything running smoothly.,1299.00,true,electrician-complete-installation-175,1599.00,Bestseller,"[""Top Rated"",""Guarantee""]",1,2,4 Hour,"[""https://picsum.photos/400""]"
102000000176,2026-03-10 13:00:00+00,110010100001,Electrician Uninstallation Service,Professional service to keep everything running smoothly.,399.00,true,electrician-uninstallation-service-176,599.00,,"[""Top Rated"",""Guarantee""]",1,2,1 Hour,"[""https://picsum.photos/400""]"
102000000177,2026-03-10 13:00:00+00,30123650001,Electrician Annual Maintenance Contract,Professional service to keep everything running smoothly.,2499.00,true,electrician-annual-maintenance-contract-177,2999.00,Premium,"[""Top Rated"",""Guarantee""]",1,2,1 Hour,"[""https://picsum.photos/400""]"
102000000178,2026-03-10 13:00:00+00,110010100001,Electrician Emergency Night Service,Professional service to keep everything running smoothly.,499.00,true,electrician-emergency-night-service-178,699.00,Urgent,"[""Top Rated"",""Guarantee""]",1,2,1 Hour,"[""https://picsum.photos/400""]"
102000000179,2026-03-10 13:00:00+00,30123650001,Electrician Weekend Special Service,Professional service to keep everything running smoothly.,299.00,true,electrician-weekend-special-service-179,399.00,,"[""Top Rated"",""Guarantee""]",1,2,1 Hour,"[""https://picsum.photos/400""]"
102000000180,2026-03-10 13:00:00+00,110010100001,Electrician Festive Cleaning,Professional service to keep everything running smoothly.,349.00,true,electrician-festive-cleaning-180,499.00,Offer,"[""Top Rated"",""Guarantee""]",1,2,90 mins,"[""https://picsum.photos/400""]"
102000000181,2026-03-10 13:00:00+00,30123650001,Electrician Smart Upgrade,Professional service to keep everything running smoothly.,999.00,true,electrician-smart-upgrade-181,1299.00,,"[""Top Rated"",""Guarantee""]",1,2,2 Hour,"[""https://picsum.photos/400""]"
102000000182,2026-03-10 13:00:00+00,110010100001,Electrician Eco-Friendly Cleaning,Professional service to keep everything running smoothly.,449.00,true,electrician-eco-friendly-cleaning-182,599.00,Green,"[""Top Rated"",""Guarantee""]",1,2,1 Hour,"[""https://picsum.photos/400""]"
102000000183,2026-03-10 13:00:00+00,30123650001,Electrician Deep Sanitization,Professional service to keep everything running smoothly.,399.00,true,electrician-deep-sanitization-183,549.00,,"[""Top Rated"",""Guarantee""]",1,2,1 Hour,"[""https://picsum.photos/400""]"
102000000184,2026-03-10 13:00:00+00,110010100001,Electrician Quick Fix 15 Mins,Professional service to keep everything running smoothly.,149.00,true,electrician-quick-fix-15-mins-184,199.00,Fast,"[""Top Rated"",""Guarantee""]",1,2,15 mins,"[""https://picsum.photos/400""]"
102000000185,2026-03-10 13:00:00+00,30123650001,Electrician Premium Care Package,Professional service to keep everything running smoothly.,799.00,true,electrician-premium-care-package-185,999.00,,"[""Top Rated"",""Guarantee""]",1,2,2 Hour,"[""https://picsum.photos/400""]"
102000000186,2026-03-10 13:00:00+00,110010100001,Electrician Budget Friendly Repair,Professional service to keep everything running smoothly.,249.00,true,electrician-budget-friendly-repair-186,349.00,Budget,"[""Top Rated"",""Guarantee""]",1,2,1 Hour,"[""https://picsum.photos/400""]"
102000000187,2026-03-10 13:00:00+00,30123650001,Electrician Express Diagnostic,Professional service to keep everything running smoothly.,129.00,true,electrician-express-diagnostic-187,199.00,,"[""Top Rated"",""Guarantee""]",1,2,30 mins,"[""https://picsum.photos/400""]"
102000000188,2026-03-10 13:00:00+00,110010100001,Electrician Heavy Duty Repair,Professional service to keep everything running smoothly.,1199.00,true,electrician-heavy-duty-repair-188,1499.00,Pro,"[""Top Rated"",""Guarantee""]",1,2,4 Hour,"[""https://picsum.photos/400""]"
102000000189,2026-03-10 13:00:00+00,30123650001,Electrician Moving Relocation Setup,Professional service to keep everything running smoothly.,899.00,true,electrician-moving-relocation-setup-189,1199.00,,"[""Top Rated"",""Guarantee""]",1,2,3 Hour,"[""https://picsum.photos/400""]"
102000000190,2026-03-10 13:00:00+00,110010100001,Electrician Consultation & Advice,Professional service to keep everything running smoothly.,49.00,true,electrician-consultation-advice-190,99.00,Online,"[""Top Rated"",""Guarantee""]",1,2,30 mins,"[""https://picsum.photos/400""]"
102000000191,2026-03-10 13:00:00+00,30123650001,Plumber Inspection,Professional service to keep everything running smoothly.,99.00,true,plumber-inspection-191,149.00,,"[""Top Rated"",""Guarantee""]",1,3,30 mins,"[""https://picsum.photos/400""]"
102000000192,2026-03-10 13:00:00+00,110010100001,Plumber Minor Fix,Professional service to keep everything running smoothly.,199.00,true,plumber-minor-fix-192,299.00,Value,"[""Top Rated"",""Guarantee""]",1,3,1 Hour,"[""https://picsum.photos/400""]"
102000000193,2026-03-10 13:00:00+00,30123650001,Plumber Major Repair,Professional service to keep everything running smoothly.,599.00,true,plumber-major-repair-193,799.00,,"[""Top Rated"",""Guarantee""]",1,3,2 Hour,"[""https://picsum.photos/400""]"
102000000194,2026-03-10 13:00:00+00,110010100001,Plumber Component Replacement,Professional service to keep everything running smoothly.,899.00,true,plumber-component-replacement-194,1199.00,,"[""Top Rated"",""Guarantee""]",1,3,3 Hour,"[""https://picsum.photos/400""]"
102000000195,2026-03-10 13:00:00+00,30123650001,Plumber Complete Installation,Professional service to keep everything running smoothly.,1299.00,true,plumber-complete-installation-195,1599.00,Bestseller,"[""Top Rated"",""Guarantee""]",1,3,4 Hour,"[""https://picsum.photos/400""]"
102000000196,2026-03-10 13:00:00+00,110010100001,Plumber Uninstallation Service,Professional service to keep everything running smoothly.,399.00,true,plumber-uninstallation-service-196,599.00,,"[""Top Rated"",""Guarantee""]",1,3,1 Hour,"[""https://picsum.photos/400""]"
102000000197,2026-03-10 13:00:00+00,30123650001,Plumber Annual Maintenance Contract,Professional service to keep everything running smoothly.,2499.00,true,plumber-annual-maintenance-contract-197,2999.00,Premium,"[""Top Rated"",""Guarantee""]",1,3,1 Hour,"[""https://picsum.photos/400""]"
102000000198,2026-03-10 13:00:00+00,110010100001,Plumber Emergency Night Service,Professional service to keep everything running smoothly.,499.00,true,plumber-emergency-night-service-198,699.00,Urgent,"[""Top Rated"",""Guarantee""]",1,3,1 Hour,"[""https://picsum.photos/400""]"
102000000199,2026-03-10 13:00:00+00,30123650001,Plumber Weekend Special Service,Professional service to keep everything running smoothly.,299.00,true,plumber-weekend-special-service-199,399.00,,"[""Top Rated"",""Guarantee""]",1,3,1 Hour,"[""https://picsum.photos/400""]"
102000000200,2026-03-10 13:00:00+00,110010100001,Plumber Festive Cleaning,Professional service to keep everything running smoothly.,349.00,true,plumber-festive-cleaning-200,499.00,Offer,"[""Top Rated"",""Guarantee""]",1,3,90 mins,"[""https://picsum.photos/400""]"
102000000201,2026-03-10 13:00:00+00,30123650001,Plumber Smart Upgrade,Professional service to keep everything running smoothly.,999.00,true,plumber-smart-upgrade-201,1299.00,,"[""Top Rated"",""Guarantee""]",1,3,2 Hour,"[""https://picsum.photos/400""]"
102000000202,2026-03-10 13:00:00+00,110010100001,Plumber Eco-Friendly Cleaning,Professional service to keep everything running smoothly.,449.00,true,plumber-eco-friendly-cleaning-202,599.00,Green,"[""Top Rated"",""Guarantee""]",1,3,1 Hour,"[""https://picsum.photos/400""]"
102000000203,2026-03-10 13:00:00+00,30123650001,Plumber Deep Sanitization,Professional service to keep everything running smoothly.,399.00,true,plumber-deep-sanitization-203,549.00,,"[""Top Rated"",""Guarantee""]",1,3,1 Hour,"[""https://picsum.photos/400""]"
102000000204,2026-03-10 13:00:00+00,110010100001,Plumber Quick Fix 15 Mins,Professional service to keep everything running smoothly.,149.00,true,plumber-quick-fix-15-mins-204,199.00,Fast,"[""Top Rated"",""Guarantee""]",1,3,15 mins,"[""https://picsum.photos/400""]"
102000000205,2026-03-10 13:00:00+00,30123650001,Plumber Premium Care Package,Professional service to keep everything running smoothly.,799.00,true,plumber-premium-care-package-205,999.00,,"[""Top Rated"",""Guarantee""]",1,3,2 Hour,"[""https://picsum.photos/400""]"
102000000206,2026-03-10 13:00:00+00,110010100001,Plumber Budget Friendly Repair,Professional service to keep everything running smoothly.,249.00,true,plumber-budget-friendly-repair-206,349.00,Budget,"[""Top Rated"",""Guarantee""]",1,3,1 Hour,"[""https://picsum.photos/400""]"
102000000207,2026-03-10 13:00:00+00,30123650001,Plumber Express Diagnostic,Professional service to keep everything running smoothly.,129.00,true,plumber-express-diagnostic-207,199.00,,"[""Top Rated"",""Guarantee""]",1,3,30 mins,"[""https://picsum.photos/400""]"
102000000208,2026-03-10 13:00:00+00,110010100001,Plumber Heavy Duty Repair,Professional service to keep everything running smoothly.,1199.00,true,plumber-heavy-duty-repair-208,1499.00,Pro,"[""Top Rated"",""Guarantee""]",1,3,4 Hour,"[""https://picsum.photos/400""]"
102000000209,2026-03-10 13:00:00+00,30123650001,Plumber Moving Relocation Setup,Professional service to keep everything running smoothly.,899.00,true,plumber-moving-relocation-setup-209,1199.00,,"[""Top Rated"",""Guarantee""]",1,3,3 Hour,"[""https://picsum.photos/400""]"
102000000210,2026-03-10 13:00:00+00,110010100001,Plumber Consultation & Advice,Professional service to keep everything running smoothly.,49.00,true,plumber-consultation-advice-210,99.00,Online,"[""Top Rated"",""Guarantee""]",1,3,30 mins,"[""https://picsum.photos/400""]"
102000000211,2026-03-10 13:00:00+00,30123650001,Carpenter Inspection,Professional service to keep everything running smoothly.,99.00,true,carpenter-inspection-211,149.00,,"[""Top Rated"",""Guarantee""]",1,4,30 mins,"[""https://picsum.photos/400""]"
102000000212,2026-03-10 13:00:00+00,110010100001,Carpenter Minor Fix,Professional service to keep everything running smoothly.,199.00,true,carpenter-minor-fix-212,299.00,Value,"[""Top Rated"",""Guarantee""]",1,4,1 Hour,"[""https://picsum.photos/400""]"
102000000213,2026-03-10 13:00:00+00,30123650001,Carpenter Major Repair,Professional service to keep everything running smoothly.,599.00,true,carpenter-major-repair-213,799.00,,"[""Top Rated"",""Guarantee""]",1,4,2 Hour,"[""https://picsum.photos/400""]"
102000000214,2026-03-10 13:00:00+00,110010100001,Carpenter Component Replacement,Professional service to keep everything running smoothly.,899.00,true,carpenter-component-replacement-214,1199.00,,"[""Top Rated"",""Guarantee""]",1,4,3 Hour,"[""https://picsum.photos/400""]"
102000000215,2026-03-10 13:00:00+00,30123650001,Carpenter Complete Installation,Professional service to keep everything running smoothly.,1299.00,true,carpenter-complete-installation-215,1599.00,Bestseller,"[""Top Rated"",""Guarantee""]",1,4,4 Hour,"[""https://picsum.photos/400""]"
102000000216,2026-03-10 13:00:00+00,110010100001,Carpenter Uninstallation Service,Professional service to keep everything running smoothly.,399.00,true,carpenter-uninstallation-service-216,599.00,,"[""Top Rated"",""Guarantee""]",1,4,1 Hour,"[""https://picsum.photos/400""]"
102000000217,2026-03-10 13:00:00+00,30123650001,Carpenter Annual Maintenance Contract,Professional service to keep everything running smoothly.,2499.00,true,carpenter-annual-maintenance-contract-217,2999.00,Premium,"[""Top Rated"",""Guarantee""]",1,4,1 Hour,"[""https://picsum.photos/400""]"
102000000218,2026-03-10 13:00:00+00,110010100001,Carpenter Emergency Night Service,Professional service to keep everything running smoothly.,499.00,true,carpenter-emergency-night-service-218,699.00,Urgent,"[""Top Rated"",""Guarantee""]",1,4,1 Hour,"[""https://picsum.photos/400""]"
102000000219,2026-03-10 13:00:00+00,30123650001,Carpenter Weekend Special Service,Professional service to keep everything running smoothly.,299.00,true,carpenter-weekend-special-service-219,399.00,,"[""Top Rated"",""Guarantee""]",1,4,1 Hour,"[""https://picsum.photos/400""]"
102000000220,2026-03-10 13:00:00+00,110010100001,Carpenter Festive Cleaning,Professional service to keep everything running smoothly.,349.00,true,carpenter-festive-cleaning-220,499.00,Offer,"[""Top Rated"",""Guarantee""]",1,4,90 mins,"[""https://picsum.photos/400""]"
102000000221,2026-03-10 13:00:00+00,30123650001,Carpenter Smart Upgrade,Professional service to keep everything running smoothly.,999.00,true,carpenter-smart-upgrade-221,1299.00,,"[""Top Rated"",""Guarantee""]",1,4,2 Hour,"[""https://picsum.photos/400""]"
102000000222,2026-03-10 13:00:00+00,110010100001,Carpenter Eco-Friendly Cleaning,Professional service to keep everything running smoothly.,449.00,true,carpenter-eco-friendly-cleaning-222,599.00,Green,"[""Top Rated"",""Guarantee""]",1,4,1 Hour,"[""https://picsum.photos/400""]"
102000000223,2026-03-10 13:00:00+00,30123650001,Carpenter Deep Sanitization,Professional service to keep everything running smoothly.,399.00,true,carpenter-deep-sanitization-223,549.00,,"[""Top Rated"",""Guarantee""]",1,4,1 Hour,"[""https://picsum.photos/400""]"
102000000224,2026-03-10 13:00:00+00,110010100001,Carpenter Quick Fix 15 Mins,Professional service to keep everything running smoothly.,149.00,true,carpenter-quick-fix-15-mins-224,199.00,Fast,"[""Top Rated"",""Guarantee""]",1,4,15 mins,"[""https://picsum.photos/400""]"
102000000225,2026-03-10 13:00:00+00,30123650001,Carpenter Premium Care Package,Professional service to keep everything running smoothly.,799.00,true,carpenter-premium-care-package-225,999.00,,"[""Top Rated"",""Guarantee""]",1,4,2 Hour,"[""https://picsum.photos/400""]"
102000000226,2026-03-10 13:00:00+00,110010100001,Carpenter Budget Friendly Repair,Professional service to keep everything running smoothly.,249.00,true,carpenter-budget-friendly-repair-226,349.00,Budget,"[""Top Rated"",""Guarantee""]",1,4,1 Hour,"[""https://picsum.photos/400""]"
102000000227,2026-03-10 13:00:00+00,30123650001,Carpenter Express Diagnostic,Professional service to keep everything running smoothly.,129.00,true,carpenter-express-diagnostic-227,199.00,,"[""Top Rated"",""Guarantee""]",1,4,30 mins,"[""https://picsum.photos/400""]"
102000000228,2026-03-10 13:00:00+00,110010100001,Carpenter Heavy Duty Repair,Professional service to keep everything running smoothly.,1199.00,true,carpenter-heavy-duty-repair-228,1499.00,Pro,"[""Top Rated"",""Guarantee""]",1,4,4 Hour,"[""https://picsum.photos/400""]"
102000000229,2026-03-10 13:00:00+00,30123650001,Carpenter Moving Relocation Setup,Professional service to keep everything running smoothly.,899.00,true,carpenter-moving-relocation-setup-229,1199.00,,"[""Top Rated"",""Guarantee""]",1,4,3 Hour,"[""https://picsum.photos/400""]"
102000000230,2026-03-10 13:00:00+00,110010100001,Carpenter Consultation & Advice,Professional service to keep everything running smoothly.,49.00,true,carpenter-consultation-advice-230,99.00,Online,"[""Top Rated"",""Guarantee""]",1,4,30 mins,"[""https://picsum.photos/400""]"
102000000231,2026-03-10 13:00:00+00,30123650001,Men's Salon Inspection,Professional service to keep everything running smoothly.,99.00,true,mens-salon-inspection-231,149.00,,"[""Top Rated"",""Guarantee""]",2,5,30 mins,"[""https://picsum.photos/400""]"
102000000232,2026-03-10 13:00:00+00,110010100001,Men's Salon Minor Fix,Professional service to keep everything running smoothly.,199.00,true,mens-salon-minor-fix-232,299.00,Value,"[""Top Rated"",""Guarantee""]",2,5,1 Hour,"[""https://picsum.photos/400""]"
102000000233,2026-03-10 13:00:00+00,30123650001,Men's Salon Major Repair,Professional service to keep everything running smoothly.,599.00,true,mens-salon-major-repair-233,799.00,,"[""Top Rated"",""Guarantee""]",2,5,2 Hour,"[""https://picsum.photos/400""]"
102000000234,2026-03-10 13:00:00+00,110010100001,Men's Salon Component Replacement,Professional service to keep everything running smoothly.,899.00,true,mens-salon-component-replacement-234,1199.00,,"[""Top Rated"",""Guarantee""]",2,5,3 Hour,"[""https://picsum.photos/400""]"
102000000235,2026-03-10 13:00:00+00,30123650001,Men's Salon Complete Installation,Professional service to keep everything running smoothly.,1299.00,true,mens-salon-complete-installation-235,1599.00,Bestseller,"[""Top Rated"",""Guarantee""]",2,5,4 Hour,"[""https://picsum.photos/400""]"
102000000236,2026-03-10 13:00:00+00,110010100001,Men's Salon Uninstallation Service,Professional service to keep everything running smoothly.,399.00,true,mens-salon-uninstallation-service-236,599.00,,"[""Top Rated"",""Guarantee""]",2,5,1 Hour,"[""https://picsum.photos/400""]"
102000000237,2026-03-10 13:00:00+00,30123650001,Men's Salon Annual Maintenance Contract,Professional service to keep everything running smoothly.,2499.00,true,mens-salon-annual-maintenance-contract-237,2999.00,Premium,"[""Top Rated"",""Guarantee""]",2,5,1 Hour,"[""https://picsum.photos/400""]"
102000000238,2026-03-10 13:00:00+00,110010100001,Men's Salon Emergency Night Service,Professional service to keep everything running smoothly.,499.00,true,mens-salon-emergency-night-service-238,699.00,Urgent,"[""Top Rated"",""Guarantee""]",2,5,1 Hour,"[""https://picsum.photos/400""]"
102000000239,2026-03-10 13:00:00+00,30123650001,Men's Salon Weekend Special Service,Professional service to keep everything running smoothly.,299.00,true,mens-salon-weekend-special-service-239,399.00,,"[""Top Rated"",""Guarantee""]",2,5,1 Hour,"[""https://picsum.photos/400""]"
102000000240,2026-03-10 13:00:00+00,110010100001,Men's Salon Festive Cleaning,Professional service to keep everything running smoothly.,349.00,true,mens-salon-festive-cleaning-240,499.00,Offer,"[""Top Rated"",""Guarantee""]",2,5,90 mins,"[""https://picsum.photos/400""]"
102000000241,2026-03-10 13:00:00+00,30123650001,Men's Salon Smart Upgrade,Professional service to keep everything running smoothly.,999.00,true,mens-salon-smart-upgrade-241,1299.00,,"[""Top Rated"",""Guarantee""]",2,5,2 Hour,"[""https://picsum.photos/400""]"
102000000242,2026-03-10 13:00:00+00,110010100001,Men's Salon Eco-Friendly Cleaning,Professional service to keep everything running smoothly.,449.00,true,mens-salon-eco-friendly-cleaning-242,599.00,Green,"[""Top Rated"",""Guarantee""]",2,5,1 Hour,"[""https://picsum.photos/400""]"
102000000243,2026-03-10 13:00:00+00,30123650001,Men's Salon Deep Sanitization,Professional service to keep everything running smoothly.,399.00,true,mens-salon-deep-sanitization-243,549.00,,"[""Top Rated"",""Guarantee""]",2,5,1 Hour,"[""https://picsum.photos/400""]"
102000000244,2026-03-10 13:00:00+00,110010100001,Men's Salon Quick Fix 15 Mins,Professional service to keep everything running smoothly.,149.00,true,mens-salon-quick-fix-15-mins-244,199.00,Fast,"[""Top Rated"",""Guarantee""]",2,5,15 mins,"[""https://picsum.photos/400""]"
102000000245,2026-03-10 13:00:00+00,30123650001,Men's Salon Premium Care Package,Professional service to keep everything running smoothly.,799.00,true,mens-salon-premium-care-package-245,999.00,,"[""Top Rated"",""Guarantee""]",2,5,2 Hour,"[""https://picsum.photos/400""]"
102000000246,2026-03-10 13:00:00+00,110010100001,Men's Salon Budget Friendly Repair,Professional service to keep everything running smoothly.,249.00,true,mens-salon-budget-friendly-repair-246,349.00,Budget,"[""Top Rated"",""Guarantee""]",2,5,1 Hour,"[""https://picsum.photos/400""]"
102000000247,2026-03-10 13:00:00+00,30123650001,Men's Salon Express Diagnostic,Professional service to keep everything running smoothly.,129.00,true,mens-salon-express-diagnostic-247,199.00,,"[""Top Rated"",""Guarantee""]",2,5,30 mins,"[""https://picsum.photos/400""]"
102000000248,2026-03-10 13:00:00+00,110010100001,Men's Salon Heavy Duty Repair,Professional service to keep everything running smoothly.,1199.00,true,mens-salon-heavy-duty-repair-248,1499.00,Pro,"[""Top Rated"",""Guarantee""]",2,5,4 Hour,"[""https://picsum.photos/400""]"
102000000249,2026-03-10 13:00:00+00,30123650001,Men's Salon Moving Relocation Setup,Professional service to keep everything running smoothly.,899.00,true,mens-salon-moving-relocation-setup-249,1199.00,,"[""Top Rated"",""Guarantee""]",2,5,3 Hour,"[""https://picsum.photos/400""]"
102000000250,2026-03-10 13:00:00+00,110010100001,Men's Salon Consultation & Advice,Professional service to keep everything running smoothly.,49.00,true,mens-salon-consultation-advice-250,99.00,Online,"[""Top Rated"",""Guarantee""]",2,5,30 mins,"[""https://picsum.photos/400""]"
102000000251,2026-03-10 13:00:00+00,30123650001,Women's Salon Inspection,Professional service to keep everything running smoothly.,99.00,true,womens-salon-inspection-251,149.00,,"[""Top Rated"",""Guarantee""]",2,6,30 mins,"[""https://picsum.photos/400""]"
102000000252,2026-03-10 13:00:00+00,110010100001,Women's Salon Minor Fix,Professional service to keep everything running smoothly.,199.00,true,womens-salon-minor-fix-252,299.00,Value,"[""Top Rated"",""Guarantee""]",2,6,1 Hour,"[""https://picsum.photos/400""]"
102000000253,2026-03-10 13:00:00+00,30123650001,Women's Salon Major Repair,Professional service to keep everything running smoothly.,599.00,true,womens-salon-major-repair-253,799.00,,"[""Top Rated"",""Guarantee""]",2,6,2 Hour,"[""https://picsum.photos/400""]"
102000000254,2026-03-10 13:00:00+00,110010100001,Women's Salon Component Replacement,Professional service to keep everything running smoothly.,899.00,true,womens-salon-component-replacement-254,1199.00,,"[""Top Rated"",""Guarantee""]",2,6,3 Hour,"[""https://picsum.photos/400""]"
102000000255,2026-03-10 13:00:00+00,30123650001,Women's Salon Complete Installation,Professional service to keep everything running smoothly.,1299.00,true,womens-salon-complete-installation-255,1599.00,Bestseller,"[""Top Rated"",""Guarantee""]",2,6,4 Hour,"[""https://picsum.photos/400""]"
102000000256,2026-03-10 13:00:00+00,110010100001,Women's Salon Uninstallation Service,Professional service to keep everything running smoothly.,399.00,true,womens-salon-uninstallation-service-256,599.00,,"[""Top Rated"",""Guarantee""]",2,6,1 Hour,"[""https://picsum.photos/400""]"
102000000257,2026-03-10 13:00:00+00,30123650001,Women's Salon Annual Maintenance Contract,Professional service to keep everything running smoothly.,2499.00,true,womens-salon-annual-maintenance-contract-257,2999.00,Premium,"[""Top Rated"",""Guarantee""]",2,6,1 Hour,"[""https://picsum.photos/400""]"
102000000258,2026-03-10 13:00:00+00,110010100001,Women's Salon Emergency Night Service,Professional service to keep everything running smoothly.,499.00,true,womens-salon-emergency-night-service-258,699.00,Urgent,"[""Top Rated"",""Guarantee""]",2,6,1 Hour,"[""https://picsum.photos/400""]"
102000000259,2026-03-10 13:00:00+00,30123650001,Women's Salon Weekend Special Service,Professional service to keep everything running smoothly.,299.00,true,womens-salon-weekend-special-service-259,399.00,,"[""Top Rated"",""Guarantee""]",2,6,1 Hour,"[""https://picsum.photos/400""]"
102000000260,2026-03-10 13:00:00+00,110010100001,Women's Salon Festive Cleaning,Professional service to keep everything running smoothly.,349.00,true,womens-salon-festive-cleaning-260,499.00,Offer,"[""Top Rated"",""Guarantee""]",2,6,90 mins,"[""https://picsum.photos/400""]"
102000000261,2026-03-10 13:00:00+00,30123650001,Women's Salon Smart Upgrade,Professional service to keep everything running smoothly.,999.00,true,womens-salon-smart-upgrade-261,1299.00,,"[""Top Rated"",""Guarantee""]",2,6,2 Hour,"[""https://picsum.photos/400""]"
102000000262,2026-03-10 13:00:00+00,110010100001,Women's Salon Eco-Friendly Cleaning,Professional service to keep everything running smoothly.,449.00,true,womens-salon-eco-friendly-cleaning-262,599.00,Green,"[""Top Rated"",""Guarantee""]",2,6,1 Hour,"[""https://picsum.photos/400""]"
102000000263,2026-03-10 13:00:00+00,30123650001,Women's Salon Deep Sanitization,Professional service to keep everything running smoothly.,399.00,true,womens-salon-deep-sanitization-263,549.00,,"[""Top Rated"",""Guarantee""]",2,6,1 Hour,"[""https://picsum.photos/400""]"
102000000264,2026-03-10 13:00:00+00,110010100001,Women's Salon Quick Fix 15 Mins,Professional service to keep everything running smoothly.,149.00,true,womens-salon-quick-fix-15-mins-264,199.00,Fast,"[""Top Rated"",""Guarantee""]",2,6,15 mins,"[""https://picsum.photos/400""]"
102000000265,2026-03-10 13:00:00+00,30123650001,Women's Salon Premium Care Package,Professional service to keep everything running smoothly.,799.00,true,womens-salon-premium-care-package-265,999.00,,"[""Top Rated"",""Guarantee""]",2,6,2 Hour,"[""https://picsum.photos/400""]"
102000000266,2026-03-10 13:00:00+00,110010100001,Women's Salon Budget Friendly Repair,Professional service to keep everything running smoothly.,249.00,true,womens-salon-budget-friendly-repair-266,349.00,Budget,"[""Top Rated"",""Guarantee""]",2,6,1 Hour,"[""https://picsum.photos/400""]"
102000000267,2026-03-10 13:00:00+00,30123650001,Women's Salon Express Diagnostic,Professional service to keep everything running smoothly.,129.00,true,womens-salon-express-diagnostic-267,199.00,,"[""Top Rated"",""Guarantee""]",2,6,30 mins,"[""https://picsum.photos/400""]"
102000000268,2026-03-10 13:00:00+00,110010100001,Women's Salon Heavy Duty Repair,Professional service to keep everything running smoothly.,1199.00,true,womens-salon-heavy-duty-repair-268,1499.00,Pro,"[""Top Rated"",""Guarantee""]",2,6,4 Hour,"[""https://picsum.photos/400""]"
102000000269,2026-03-10 13:00:00+00,30123650001,Women's Salon Moving Relocation Setup,Professional service to keep everything running smoothly.,899.00,true,womens-salon-moving-relocation-setup-269,1199.00,,"[""Top Rated"",""Guarantee""]",2,6,3 Hour,"[""https://picsum.photos/400""]"
102000000270,2026-03-10 13:00:00+00,110010100001,Women's Salon Consultation & Advice,Professional service to keep everything running smoothly.,49.00,true,womens-salon-consultation-advice-270,99.00,Online,"[""Top Rated"",""Guarantee""]",2,6,30 mins,"[""https://picsum.photos/400""]"
102000000271,2026-03-10 13:00:00+00,30123650001,Massage Therapy Inspection,Professional service to keep everything running smoothly.,99.00,true,massage-therapy-inspection-271,149.00,,"[""Top Rated"",""Guarantee""]",2,7,30 mins,"[""https://picsum.photos/400""]"
102000000272,2026-03-10 13:00:00+00,110010100001,Massage Therapy Minor Fix,Professional service to keep everything running smoothly.,199.00,true,massage-therapy-minor-fix-272,299.00,Value,"[""Top Rated"",""Guarantee""]",2,7,1 Hour,"[""https://picsum.photos/400""]"
102000000273,2026-03-10 13:00:00+00,30123650001,Massage Therapy Major Repair,Professional service to keep everything running smoothly.,599.00,true,massage-therapy-major-repair-273,799.00,,"[""Top Rated"",""Guarantee""]",2,7,2 Hour,"[""https://picsum.photos/400""]"
102000000274,2026-03-10 13:00:00+00,110010100001,Massage Therapy Component Replacement,Professional service to keep everything running smoothly.,899.00,true,massage-therapy-component-replacement-274,1199.00,,"[""Top Rated"",""Guarantee""]",2,7,3 Hour,"[""https://picsum.photos/400""]"
102000000275,2026-03-10 13:00:00+00,30123650001,Massage Therapy Complete Installation,Professional service to keep everything running smoothly.,1299.00,true,massage-therapy-complete-installation-275,1599.00,Bestseller,"[""Top Rated"",""Guarantee""]",2,7,4 Hour,"[""https://picsum.photos/400""]"
102000000276,2026-03-10 13:00:00+00,110010100001,Massage Therapy Uninstallation Service,Professional service to keep everything running smoothly.,399.00,true,massage-therapy-uninstallation-service-276,599.00,,"[""Top Rated"",""Guarantee""]",2,7,1 Hour,"[""https://picsum.photos/400""]"
102000000277,2026-03-10 13:00:00+00,30123650001,Massage Therapy Annual Maintenance Contract,Professional service to keep everything running smoothly.,2499.00,true,massage-therapy-annual-maintenance-contract-277,2999.00,Premium,"[""Top Rated"",""Guarantee""]",2,7,1 Hour,"[""https://picsum.photos/400""]"
102000000278,2026-03-10 13:00:00+00,110010100001,Massage Therapy Emergency Night Service,Professional service to keep everything running smoothly.,499.00,true,massage-therapy-emergency-night-service-278,699.00,Urgent,"[""Top Rated"",""Guarantee""]",2,7,1 Hour,"[""https://picsum.photos/400""]"
102000000279,2026-03-10 13:00:00+00,30123650001,Massage Therapy Weekend Special Service,Professional service to keep everything running smoothly.,299.00,true,massage-therapy-weekend-special-service-279,399.00,,"[""Top Rated"",""Guarantee""]",2,7,1 Hour,"[""https://picsum.photos/400""]"
102000000280,2026-03-10 13:00:00+00,110010100001,Massage Therapy Festive Cleaning,Professional service to keep everything running smoothly.,349.00,true,massage-therapy-festive-cleaning-280,499.00,Offer,"[""Top Rated"",""Guarantee""]",2,7,90 mins,"[""https://picsum.photos/400""]"
102000000281,2026-03-10 13:00:00+00,30123650001,Massage Therapy Smart Upgrade,Professional service to keep everything running smoothly.,999.00,true,massage-therapy-smart-upgrade-281,1299.00,,"[""Top Rated"",""Guarantee""]",2,7,2 Hour,"[""https://picsum.photos/400""]"
102000000282,2026-03-10 13:00:00+00,110010100001,Massage Therapy Eco-Friendly Cleaning,Professional service to keep everything running smoothly.,449.00,true,massage-therapy-eco-friendly-cleaning-282,599.00,Green,"[""Top Rated"",""Guarantee""]",2,7,1 Hour,"[""https://picsum.photos/400""]"
102000000283,2026-03-10 13:00:00+00,30123650001,Massage Therapy Deep Sanitization,Professional service to keep everything running smoothly.,399.00,true,massage-therapy-deep-sanitization-283,549.00,,"[""Top Rated"",""Guarantee""]",2,7,1 Hour,"[""https://picsum.photos/400""]"
102000000284,2026-03-10 13:00:00+00,110010100001,Massage Therapy Quick Fix 15 Mins,Professional service to keep everything running smoothly.,149.00,true,massage-therapy-quick-fix-15-mins-284,199.00,Fast,"[""Top Rated"",""Guarantee""]",2,7,15 mins,"[""https://picsum.photos/400""]"
102000000285,2026-03-10 13:00:00+00,30123650001,Massage Therapy Premium Care Package,Professional service to keep everything running smoothly.,799.00,true,massage-therapy-premium-care-package-285,999.00,,"[""Top Rated"",""Guarantee""]",2,7,2 Hour,"[""https://picsum.photos/400""]"
102000000286,2026-03-10 13:00:00+00,110010100001,Massage Therapy Budget Friendly Repair,Professional service to keep everything running smoothly.,249.00,true,massage-therapy-budget-friendly-repair-286,349.00,Budget,"[""Top Rated"",""Guarantee""]",2,7,1 Hour,"[""https://picsum.photos/400""]"
102000000287,2026-03-10 13:00:00+00,30123650001,Massage Therapy Express Diagnostic,Professional service to keep everything running smoothly.,129.00,true,massage-therapy-express-diagnostic-287,199.00,,"[""Top Rated"",""Guarantee""]",2,7,30 mins,"[""https://picsum.photos/400""]"
102000000288,2026-03-10 13:00:00+00,110010100001,Massage Therapy Heavy Duty Repair,Professional service to keep everything running smoothly.,1199.00,true,massage-therapy-heavy-duty-repair-288,1499.00,Pro,"[""Top Rated"",""Guarantee""]",2,7,4 Hour,"[""https://picsum.photos/400""]"
102000000289,2026-03-10 13:00:00+00,30123650001,Massage Therapy Moving Relocation Setup,Professional service to keep everything running smoothly.,899.00,true,massage-therapy-moving-relocation-setup-289,1199.00,,"[""Top Rated"",""Guarantee""]",2,7,3 Hour,"[""https://picsum.photos/400""]"
102000000290,2026-03-10 13:00:00+00,110010100001,Massage Therapy Consultation & Advice,Professional service to keep everything running smoothly.,49.00,true,massage-therapy-consultation-advice-290,99.00,Online,"[""Top Rated"",""Guarantee""]",2,7,30 mins,"[""https://picsum.photos/400""]"
102000000291,2026-03-10 13:00:00+00,30123650001,Washing Machine Inspection,Professional service to keep everything running smoothly.,99.00,true,washing-machine-inspection-291,149.00,,"[""Top Rated"",""Guarantee""]",3,8,30 mins,"[""https://picsum.photos/400""]"
102000000292,2026-03-10 13:00:00+00,110010100001,Washing Machine Minor Fix,Professional service to keep everything running smoothly.,199.00,true,washing-machine-minor-fix-292,299.00,Value,"[""Top Rated"",""Guarantee""]",3,8,1 Hour,"[""https://picsum.photos/400""]"
102000000293,2026-03-10 13:00:00+00,30123650001,Washing Machine Major Repair,Professional service to keep everything running smoothly.,599.00,true,washing-machine-major-repair-293,799.00,,"[""Top Rated"",""Guarantee""]",3,8,2 Hour,"[""https://picsum.photos/400""]"
102000000294,2026-03-10 13:00:00+00,110010100001,Washing Machine Component Replacement,Professional service to keep everything running smoothly.,899.00,true,washing-machine-component-replacement-294,1199.00,,"[""Top Rated"",""Guarantee""]",3,8,3 Hour,"[""https://picsum.photos/400""]"
102000000295,2026-03-10 13:00:00+00,30123650001,Washing Machine Complete Installation,Professional service to keep everything running smoothly.,1299.00,true,washing-machine-complete-installation-295,1599.00,Bestseller,"[""Top Rated"",""Guarantee""]",3,8,4 Hour,"[""https://picsum.photos/400""]"
102000000296,2026-03-10 13:00:00+00,110010100001,Washing Machine Uninstallation Service,Professional service to keep everything running smoothly.,399.00,true,washing-machine-uninstallation-service-296,599.00,,"[""Top Rated"",""Guarantee""]",3,8,1 Hour,"[""https://picsum.photos/400""]"
102000000297,2026-03-10 13:00:00+00,30123650001,Washing Machine Annual Maintenance Contract,Professional service to keep everything running smoothly.,2499.00,true,washing-machine-annual-maintenance-contract-297,2999.00,Premium,"[""Top Rated"",""Guarantee""]",3,8,1 Hour,"[""https://picsum.photos/400""]"
102000000298,2026-03-10 13:00:00+00,110010100001,Washing Machine Emergency Night Service,Professional service to keep everything running smoothly.,499.00,true,washing-machine-emergency-night-service-298,699.00,Urgent,"[""Top Rated"",""Guarantee""]",3,8,1 Hour,"[""https://picsum.photos/400""]"
102000000299,2026-03-10 13:00:00+00,30123650001,Washing Machine Weekend Special Service,Professional service to keep everything running smoothly.,299.00,true,washing-machine-weekend-special-service-299,399.00,,"[""Top Rated"",""Guarantee""]",3,8,1 Hour,"[""https://picsum.photos/400""]"
102000000300,2026-03-10 13:00:00+00,110010100001,Washing Machine Festive Cleaning,Professional service to keep everything running smoothly.,349.00,true,washing-machine-festive-cleaning-300,499.00,Offer,"[""Top Rated"",""Guarantee""]",3,8,90 mins,"[""https://picsum.photos/400""]"
102000000301,2026-03-10 13:00:00+00,30123650001,Washing Machine Smart Upgrade,Professional service to keep everything running smoothly.,999.00,true,washing-machine-smart-upgrade-301,1299.00,,"[""Top Rated"",""Guarantee""]",3,8,2 Hour,"[""https://picsum.photos/400""]"
102000000302,2026-03-10 13:00:00+00,110010100001,Washing Machine Eco-Friendly Cleaning,Professional service to keep everything running smoothly.,449.00,true,washing-machine-eco-friendly-cleaning-302,599.00,Green,"[""Top Rated"",""Guarantee""]",3,8,1 Hour,"[""https://picsum.photos/400""]"
102000000303,2026-03-10 13:00:00+00,30123650001,Washing Machine Deep Sanitization,Professional service to keep everything running smoothly.,399.00,true,washing-machine-deep-sanitization-303,549.00,,"[""Top Rated"",""Guarantee""]",3,8,1 Hour,"[""https://picsum.photos/400""]"
102000000304,2026-03-10 13:00:00+00,110010100001,Washing Machine Quick Fix 15 Mins,Professional service to keep everything running smoothly.,149.00,true,washing-machine-quick-fix-15-mins-304,199.00,Fast,"[""Top Rated"",""Guarantee""]",3,8,15 mins,"[""https://picsum.photos/400""]"
102000000305,2026-03-10 13:00:00+00,30123650001,Washing Machine Premium Care Package,Professional service to keep everything running smoothly.,799.00,true,washing-machine-premium-care-package-305,999.00,,"[""Top Rated"",""Guarantee""]",3,8,2 Hour,"[""https://picsum.photos/400""]"
102000000306,2026-03-10 13:00:00+00,110010100001,Washing Machine Budget Friendly Repair,Professional service to keep everything running smoothly.,249.00,true,washing-machine-budget-friendly-repair-306,349.00,Budget,"[""Top Rated"",""Guarantee""]",3,8,1 Hour,"[""https://picsum.photos/400""]"
102000000307,2026-03-10 13:00:00+00,30123650001,Washing Machine Express Diagnostic,Professional service to keep everything running smoothly.,129.00,true,washing-machine-express-diagnostic-307,199.00,,"[""Top Rated"",""Guarantee""]",3,8,30 mins,"[""https://picsum.photos/400""]"
102000000308,2026-03-10 13:00:00+00,110010100001,Washing Machine Heavy Duty Repair,Professional service to keep everything running smoothly.,1199.00,true,washing-machine-heavy-duty-repair-308,1499.00,Pro,"[""Top Rated"",""Guarantee""]",3,8,4 Hour,"[""https://picsum.photos/400""]"
102000000309,2026-03-10 13:00:00+00,30123650001,Washing Machine Moving Relocation Setup,Professional service to keep everything running smoothly.,899.00,true,washing-machine-moving-relocation-setup-309,1199.00,,"[""Top Rated"",""Guarantee""]",3,8,3 Hour,"[""https://picsum.photos/400""]"
102000000310,2026-03-10 13:00:00+00,110010100001,Washing Machine Consultation & Advice,Professional service to keep everything running smoothly.,49.00,true,washing-machine-consultation-advice-310,99.00,Online,"[""Top Rated"",""Guarantee""]",3,8,30 mins,"[""https://picsum.photos/400""]"
102000000311,2026-03-10 13:00:00+00,30123650001,Refrigerator Inspection,Professional service to keep everything running smoothly.,99.00,true,refrigerator-inspection-311,149.00,,"[""Top Rated"",""Guarantee""]",3,9,30 mins,"[""https://picsum.photos/400""]"
102000000312,2026-03-10 13:00:00+00,110010100001,Refrigerator Minor Fix,Professional service to keep everything running smoothly.,199.00,true,refrigerator-minor-fix-312,299.00,Value,"[""Top Rated"",""Guarantee""]",3,9,1 Hour,"[""https://picsum.photos/400""]"
102000000313,2026-03-10 13:00:00+00,30123650001,Refrigerator Major Repair,Professional service to keep everything running smoothly.,599.00,true,refrigerator-major-repair-313,799.00,,"[""Top Rated"",""Guarantee""]",3,9,2 Hour,"[""https://picsum.photos/400""]"
102000000314,2026-03-10 13:00:00+00,110010100001,Refrigerator Component Replacement,Professional service to keep everything running smoothly.,899.00,true,refrigerator-component-replacement-314,1199.00,,"[""Top Rated"",""Guarantee""]",3,9,3 Hour,"[""https://picsum.photos/400""]"
102000000315,2026-03-10 13:00:00+00,30123650001,Refrigerator Complete Installation,Professional service to keep everything running smoothly.,1299.00,true,refrigerator-complete-installation-315,1599.00,Bestseller,"[""Top Rated"",""Guarantee""]",3,9,4 Hour,"[""https://picsum.photos/400""]"
102000000316,2026-03-10 13:00:00+00,110010100001,Refrigerator Uninstallation Service,Professional service to keep everything running smoothly.,399.00,true,refrigerator-uninstallation-service-316,599.00,,"[""Top Rated"",""Guarantee""]",3,9,1 Hour,"[""https://picsum.photos/400""]"
102000000317,2026-03-10 13:00:00+00,30123650001,Refrigerator Annual Maintenance Contract,Professional service to keep everything running smoothly.,2499.00,true,refrigerator-annual-maintenance-contract-317,2999.00,Premium,"[""Top Rated"",""Guarantee""]",3,9,1 Hour,"[""https://picsum.photos/400""]"
102000000318,2026-03-10 13:00:00+00,110010100001,Refrigerator Emergency Night Service,Professional service to keep everything running smoothly.,499.00,true,refrigerator-emergency-night-service-318,699.00,Urgent,"[""Top Rated"",""Guarantee""]",3,9,1 Hour,"[""https://picsum.photos/400""]"
102000000319,2026-03-10 13:00:00+00,30123650001,Refrigerator Weekend Special Service,Professional service to keep everything running smoothly.,299.00,true,refrigerator-weekend-special-service-319,399.00,,"[""Top Rated"",""Guarantee""]",3,9,1 Hour,"[""https://picsum.photos/400""]"
102000000320,2026-03-10 13:00:00+00,110010100001,Refrigerator Festive Cleaning,Professional service to keep everything running smoothly.,349.00,true,refrigerator-festive-cleaning-320,499.00,Offer,"[""Top Rated"",""Guarantee""]",3,9,90 mins,"[""https://picsum.photos/400""]"
102000000321,2026-03-10 13:00:00+00,30123650001,Refrigerator Smart Upgrade,Professional service to keep everything running smoothly.,999.00,true,refrigerator-smart-upgrade-321,1299.00,,"[""Top Rated"",""Guarantee""]",3,9,2 Hour,"[""https://picsum.photos/400""]"
102000000322,2026-03-10 13:00:00+00,110010100001,Refrigerator Eco-Friendly Cleaning,Professional service to keep everything running smoothly.,449.00,true,refrigerator-eco-friendly-cleaning-322,599.00,Green,"[""Top Rated"",""Guarantee""]",3,9,1 Hour,"[""https://picsum.photos/400""]"
102000000323,2026-03-10 13:00:00+00,30123650001,Refrigerator Deep Sanitization,Professional service to keep everything running smoothly.,399.00,true,refrigerator-deep-sanitization-323,549.00,,"[""Top Rated"",""Guarantee""]",3,9,1 Hour,"[""https://picsum.photos/400""]"
102000000324,2026-03-10 13:00:00+00,110010100001,Refrigerator Quick Fix 15 Mins,Professional service to keep everything running smoothly.,149.00,true,refrigerator-quick-fix-15-mins-324,199.00,Fast,"[""Top Rated"",""Guarantee""]",3,9,15 mins,"[""https://picsum.photos/400""]"
102000000325,2026-03-10 13:00:00+00,30123650001,Refrigerator Premium Care Package,Professional service to keep everything running smoothly.,799.00,true,refrigerator-premium-care-package-325,999.00,,"[""Top Rated"",""Guarantee""]",3,9,2 Hour,"[""https://picsum.photos/400""]"
102000000326,2026-03-10 13:00:00+00,110010100001,Refrigerator Budget Friendly Repair,Professional service to keep everything running smoothly.,249.00,true,refrigerator-budget-friendly-repair-326,349.00,Budget,"[""Top Rated"",""Guarantee""]",3,9,1 Hour,"[""https://picsum.photos/400""]"
102000000327,2026-03-10 13:00:00+00,30123650001,Refrigerator Express Diagnostic,Professional service to keep everything running smoothly.,129.00,true,refrigerator-express-diagnostic-327,199.00,,"[""Top Rated"",""Guarantee""]",3,9,30 mins,"[""https://picsum.photos/400""]"
102000000328,2026-03-10 13:00:00+00,110010100001,Refrigerator Heavy Duty Repair,Professional service to keep everything running smoothly.,1199.00,true,refrigerator-heavy-duty-repair-328,1499.00,Pro,"[""Top Rated"",""Guarantee""]",3,9,4 Hour,"[""https://picsum.photos/400""]"
102000000329,2026-03-10 13:00:00+00,30123650001,Refrigerator Moving Relocation Setup,Professional service to keep everything running smoothly.,899.00,true,refrigerator-moving-relocation-setup-329,1199.00,,"[""Top Rated"",""Guarantee""]",3,9,3 Hour,"[""https://picsum.photos/400""]"
102000000330,2026-03-10 13:00:00+00,110010100001,Refrigerator Consultation & Advice,Professional service to keep everything running smoothly.,49.00,true,refrigerator-consultation-advice-330,99.00,Online,"[""Top Rated"",""Guarantee""]",3,9,30 mins,"[""https://picsum.photos/400""]"
102000000331,2026-03-10 13:00:00+00,30123650001,Microwave Inspection,Professional service to keep everything running smoothly.,99.00,true,microwave-inspection-331,149.00,,"[""Top Rated"",""Guarantee""]",3,10,30 mins,"[""https://picsum.photos/400""]"
102000000332,2026-03-10 13:00:00+00,110010100001,Microwave Minor Fix,Professional service to keep everything running smoothly.,199.00,true,microwave-minor-fix-332,299.00,Value,"[""Top Rated"",""Guarantee""]",3,10,1 Hour,"[""https://picsum.photos/400""]"
102000000333,2026-03-10 13:00:00+00,30123650001,Microwave Major Repair,Professional service to keep everything running smoothly.,599.00,true,microwave-major-repair-333,799.00,,"[""Top Rated"",""Guarantee""]",3,10,2 Hour,"[""https://picsum.photos/400""]"
102000000334,2026-03-10 13:00:00+00,110010100001,Microwave Component Replacement,Professional service to keep everything running smoothly.,899.00,true,microwave-component-replacement-334,1199.00,,"[""Top Rated"",""Guarantee""]",3,10,3 Hour,"[""https://picsum.photos/400""]"
102000000335,2026-03-10 13:00:00+00,30123650001,Microwave Complete Installation,Professional service to keep everything running smoothly.,1299.00,true,microwave-complete-installation-335,1599.00,Bestseller,"[""Top Rated"",""Guarantee""]",3,10,4 Hour,"[""https://picsum.photos/400""]"
102000000336,2026-03-10 13:00:00+00,110010100001,Microwave Uninstallation Service,Professional service to keep everything running smoothly.,399.00,true,microwave-uninstallation-service-336,599.00,,"[""Top Rated"",""Guarantee""]",3,10,1 Hour,"[""https://picsum.photos/400""]"
102000000337,2026-03-10 13:00:00+00,30123650001,Microwave Annual Maintenance Contract,Professional service to keep everything running smoothly.,2499.00,true,microwave-annual-maintenance-contract-337,2999.00,Premium,"[""Top Rated"",""Guarantee""]",3,10,1 Hour,"[""https://picsum.photos/400""]"
102000000338,2026-03-10 13:00:00+00,110010100001,Microwave Emergency Night Service,Professional service to keep everything running smoothly.,499.00,true,microwave-emergency-night-service-338,699.00,Urgent,"[""Top Rated"",""Guarantee""]",3,10,1 Hour,"[""https://picsum.photos/400""]"
102000000339,2026-03-10 13:00:00+00,30123650001,Microwave Weekend Special Service,Professional service to keep everything running smoothly.,299.00,true,microwave-weekend-special-service-339,399.00,,"[""Top Rated"",""Guarantee""]",3,10,1 Hour,"[""https://picsum.photos/400""]"
102000000340,2026-03-10 13:00:00+00,110010100001,Microwave Festive Cleaning,Professional service to keep everything running smoothly.,349.00,true,microwave-festive-cleaning-340,499.00,Offer,"[""Top Rated"",""Guarantee""]",3,10,90 mins,"[""https://picsum.photos/400""]"
102000000341,2026-03-10 13:00:00+00,30123650001,Microwave Smart Upgrade,Professional service to keep everything running smoothly.,999.00,true,microwave-smart-upgrade-341,1299.00,,"[""Top Rated"",""Guarantee""]",3,10,2 Hour,"[""https://picsum.photos/400""]"
102000000342,2026-03-10 13:00:00+00,110010100001,Microwave Eco-Friendly Cleaning,Professional service to keep everything running smoothly.,449.00,true,microwave-eco-friendly-cleaning-342,599.00,Green,"[""Top Rated"",""Guarantee""]",3,10,1 Hour,"[""https://picsum.photos/400""]"
102000000343,2026-03-10 13:00:00+00,30123650001,Microwave Deep Sanitization,Professional service to keep everything running smoothly.,399.00,true,microwave-deep-sanitization-343,549.00,,"[""Top Rated"",""Guarantee""]",3,10,1 Hour,"[""https://picsum.photos/400""]"
102000000344,2026-03-10 13:00:00+00,110010100001,Microwave Quick Fix 15 Mins,Professional service to keep everything running smoothly.,149.00,true,microwave-quick-fix-15-mins-344,199.00,Fast,"[""Top Rated"",""Guarantee""]",3,10,15 mins,"[""https://picsum.photos/400""]"
102000000345,2026-03-10 13:00:00+00,30123650001,Microwave Premium Care Package,Professional service to keep everything running smoothly.,799.00,true,microwave-premium-care-package-345,999.00,,"[""Top Rated"",""Guarantee""]",3,10,2 Hour,"[""https://picsum.photos/400""]"
102000000346,2026-03-10 13:00:00+00,110010100001,Microwave Budget Friendly Repair,Professional service to keep everything running smoothly.,249.00,true,microwave-budget-friendly-repair-346,349.00,Budget,"[""Top Rated"",""Guarantee""]",3,10,1 Hour,"[""https://picsum.photos/400""]"
102000000347,2026-03-10 13:00:00+00,30123650001,Microwave Express Diagnostic,Professional service to keep everything running smoothly.,129.00,true,microwave-express-diagnostic-347,199.00,,"[""Top Rated"",""Guarantee""]",3,10,30 mins,"[""https://picsum.photos/400""]"
102000000348,2026-03-10 13:00:00+00,110010100001,Microwave Heavy Duty Repair,Professional service to keep everything running smoothly.,1199.00,true,microwave-heavy-duty-repair-348,1499.00,Pro,"[""Top Rated"",""Guarantee""]",3,10,4 Hour,"[""https://picsum.photos/400""]"
102000000349,2026-03-10 13:00:00+00,30123650001,Microwave Moving Relocation Setup,Professional service to keep everything running smoothly.,899.00,true,microwave-moving-relocation-setup-349,1199.00,,"[""Top Rated"",""Guarantee""]",3,10,3 Hour,"[""https://picsum.photos/400""]"
102000000350,2026-03-10 13:00:00+00,110010100001,Microwave Consultation & Advice,Professional service to keep everything running smoothly.,49.00,true,microwave-consultation-advice-350,99.00,Online,"[""Top Rated"",""Guarantee""]",3,10,30 mins,"[""https://picsum.photos/400""]"